{
    "domain":"fn-blocksworld",
    "instance":"instance_16_1",
    "planners_data":{
        "./nfs-planner.bin --max_novelty 1 ":{
            "eval_per_second":175681.890625,
            "exit_code":0,
            "expanded":2909,
            "generated":112461,
            "max_num_goals_sat":15,
            "novelty_histogram":{
                "0":{
                    "0":0,
                    "1":0
                },
                "1":{
                    "0":0,
                    "1":1
                },
                "10":{
                    "0":9728,
                    "1":225
                },
                "11":{
                    "0":9562,
                    "1":232
                },
                "12":{
                    "0":9396,
                    "1":231
                },
                "13":{
                    "0":10590,
                    "1":236
                },
                "14":{
                    "0":12116,
                    "1":236
                },
                "15":{
                    "0":9623,
                    "1":235
                },
                "16":{
                    "0":6619,
                    "1":203
                },
                "2":{
                    "0":0,
                    "1":23
                },
                "3":{
                    "0":402,
                    "1":90
                },
                "4":{
                    "0":2022,
                    "1":144
                },
                "5":{
                    "0":3691,
                    "1":177
                },
                "6":{
                    "0":5584,
                    "1":214
                },
                "7":{
                    "0":8037,
                    "1":222
                },
                "8":{
                    "0":9389,
                    "1":218
                },
                "9":{
                    "0":9641,
                    "1":222
                }
            },
            "num_features":33,
            "num_goals":16,
            "plan":null,
            "search_time":0.64014,
            "solved":false,
            "valid":false,
            "wall_time":0.7199999999999918
        },
        "./nfs-planner.bin --max_novelty 1  --use_goal 0":{
            "eval_per_second":91397.007812,
            "exit_code":0,
            "expanded":2909,
            "generated":112461,
            "max_num_goals_sat":15,
            "novelty_histogram":{
                "0":{
                    "0":0,
                    "1":0
                },
                "1":{
                    "0":0,
                    "1":1
                },
                "10":{
                    "0":9728,
                    "1":225
                },
                "11":{
                    "0":9562,
                    "1":232
                },
                "12":{
                    "0":9396,
                    "1":231
                },
                "13":{
                    "0":10590,
                    "1":236
                },
                "14":{
                    "0":12116,
                    "1":236
                },
                "15":{
                    "0":9623,
                    "1":235
                },
                "16":{
                    "0":6619,
                    "1":203
                },
                "2":{
                    "0":0,
                    "1":23
                },
                "3":{
                    "0":402,
                    "1":90
                },
                "4":{
                    "0":2022,
                    "1":144
                },
                "5":{
                    "0":3691,
                    "1":177
                },
                "6":{
                    "0":5584,
                    "1":214
                },
                "7":{
                    "0":8037,
                    "1":222
                },
                "8":{
                    "0":9389,
                    "1":218
                },
                "9":{
                    "0":9641,
                    "1":222
                }
            },
            "num_features":32,
            "num_goals":16,
            "plan":null,
            "search_time":1.23047,
            "solved":false,
            "valid":false,
            "wall_time":1.3300000000000054
        },
        "./nfs-planner.bin --max_novelty 1  --use_state_vars 0 --use_goal 0 --use_actions 1":{
            "eval_per_second":1105.646973,
            "exit_code":0,
            "expanded":25239,
            "generated":1091223,
            "max_num_goals_sat":16,
            "novelty_histogram":{
                "0":{
                    "0":0,
                    "1":1
                },
                "1":{
                    "0":0,
                    "1":13
                },
                "10":{
                    "0":83590,
                    "1":1840
                },
                "11":{
                    "0":81816,
                    "1":1939
                },
                "12":{
                    "0":85866,
                    "1":1974
                },
                "13":{
                    "0":92322,
                    "1":1961
                },
                "14":{
                    "0":100473,
                    "1":1891
                },
                "15":{
                    "0":104935,
                    "1":1860
                },
                "16":{
                    "0":96785,
                    "1":1861
                },
                "2":{
                    "0":55,
                    "1":175
                },
                "3":{
                    "0":2088,
                    "1":755
                },
                "4":{
                    "0":14562,
                    "1":1634
                },
                "5":{
                    "0":41347,
                    "1":2046
                },
                "6":{
                    "0":65843,
                    "1":2003
                },
                "7":{
                    "0":78894,
                    "1":1837
                },
                "8":{
                    "0":85271,
                    "1":1778
                },
                "9":{
                    "0":87559,
                    "1":1781
                }
            },
            "num_features":3840,
            "num_goals":16,