{
    "domain":"fn-blocksworld",
    "instance":"instance_19_2",
    "planners_data":{
        "./nfs-planner.bin --max_novelty 1 ":{
            "eval_per_second":101426.09375,
            "exit_code":0,
            "expanded":5354,
            "generated":283149,
            "max_num_goals_sat":18,
            "novelty_histogram":{
                "0":{
                    "0":0,
                    "1":0
                },
                "1":{
                    "0":0,
                    "1":2
                },
                "10":{
                    "0":20861,
                    "1":326
                },
                "11":{
                    "0":22297,
                    "1":324
                },
                "12":{
                    "0":22423,
                    "1":329
                },
                "13":{
                    "0":21519,
                    "1":331
                },
                "14":{
                    "0":21602,
                    "1":334
                },
                "15":{
                    "0":21775,
                    "1":337
                },
                "16":{
                    "0":20424,
                    "1":338
                },
                "17":{
                    "0":18090,
                    "1":339
                },
                "18":{
                    "0":14048,
                    "1":335
                },
                "19":{
                    "0":8545,
                    "1":294
                },
                "2":{
                    "0":52,
                    "1":62
                },
                "3":{
                    "0":2273,
                    "1":170
                },
                "4":{
                    "0":6285,
                    "1":248
                },
                "5":{
                    "0":8882,
                    "1":298
                },
                "6":{
                    "0":11582,
                    "1":316
                },
                "7":{
                    "0":13835,
                    "1":322
                },
                "8":{
                    "0":17052,
                    "1":326
                },
                "9":{
                    "0":19309,
                    "1":323
                }
            },
            "num_features":39,
            "num_goals":19,
            "plan":null,
            "search_time":2.79168,
            "solved":false,
            "valid":false,
            "wall_time":2.9299999999999997
        },
        "./nfs-planner.bin --max_novelty 1  --use_goal 0":{
            "eval_per_second":77762.078125,
            "exit_code":0,
            "expanded":5354,
            "generated":283149,
            "max_num_goals_sat":18,
            "novelty_histogram":{
                "0":{
                    "0":0,
                    "1":0
                },
                "1":{
                    "0":0,
                    "1":2
                },
                "10":{
                    "0":20861,
                    "1":326
                },
                "11":{
                    "0":22297,
                    "1":324
                },
                "12":{
                    "0":22423,
                    "1":329
                },
                "13":{
                    "0":21519,
                    "1":331
                },
                "14":{
                    "0":21602,
                    "1":334
                },
                "15":{
                    "0":21775,
                    "1":337
                },
                "16":{
                    "0":20424,
                    "1":338
                },
                "17":{
                    "0":18090,
                    "1":339
                },
                "18":{
                    "0":14048,
                    "1":335
                },
                "19":{
                    "0":8545,
                    "1":294
                },
                "2":{
                    "0":52,
                    "1":62
                },
                "3":{
                    "0":2273,
                    "1":170
                },
                "4":{
                    "0":6285,
                    "1":248
                },
                "5":{
                    "0":8882,
                    "1":298
                },
                "6":{
                    "0":11582,
                    "1":316
                },
                "7":{
                    "0":13835,
                    "1":322
                },
                "8":{
                    "0":17052,
                    "1":326
                },
                "9":{
                    "0":19309,
                    "1":323
                }
            },
            "num_features":38,
            "num_goals":19,
            "plan":null,
            "search_time":3.64122,
            "solved":false,
            "valid":false,
            "wall_time":3.7799999999999994
        },
        "./nfs-planner.bin --max_novelty 1  --use_state_vars 0 --use_goal 0 --use_actions 1":{
            "exit_code":38912,
            "wall_time":1795.0
        },
        "./nfs-planner.bin --max_novelty 2 ":{
            "exit_code":38912,
            "wall_time":1795.08
        },
        "./nfs-planner.bin --max_novelty 2  --use_goal 0":{
            "exit_code":38912,
            "wall_time":1795.03
        },
        "./nfs-planner.bin --max_novelty 2  --use_state_vars 0 --use_goal 0 --use_actions 1":{
            "exit_code":34304,
            "wall_time":33.69999999999982
        },
        "./nfs-planner.bin --max_novelty 3 ":{
            "exit_code":38912,
            "wall_time":1795.1400000000003
        },
        "./nfs-planner.bin --max_novelty 3  --use_goal 0":{
            "exit_code":38912,
            "wall_time":1795.0700000000002
        },
        "./nfs-planner.bin --max_novelty 3  --use_state_vars 0 --use_goal 0 --use_actions 1":{
            "exit_code":34304,
            "wall_time":31.61999999999999
        },
        "./nfs-planner.bin --max_novelty 4 ":{
            "exit_code":34304,
            "wall_time":708.02
        },
        "./nfs-planner.bin --max_novelty 4  --use_goal 0":{
            "exit_code":34304,
            "wall_time":651.3199999999999
        }
    }
}