{
    "domain":"fn-blocksworld",
    "instance":"instance_18_1",
    "planners_data":{
        "./nfs-planner.bin --max_novelty 1 ":{
            "eval_per_second":79440.945312,
            "exit_code":0,
            "expanded":3804,
            "generated":135807,
            "max_num_goals_sat":16,
            "novelty_histogram":{
                "0":{
                    "0":0,
                    "1":0
                },
                "1":{
                    "0":0,
                    "1":0
                },
                "10":{
                    "0":9816,
                    "1":282
                },
                "11":{
                    "0":11120,
                    "1":293
                },
                "12":{
                    "0":11932,
                    "1":286
                },
                "13":{
                    "0":13310,
                    "1":295
                },
                "14":{
                    "0":14399,
                    "1":289
                },
                "15":{
                    "0":13520,
                    "1":284
                },
                "16":{
                    "0":11882,
                    "1":284
                },
                "17":{
                    "0":10001,
                    "1":289
                },
                "18":{
                    "0":9101,
                    "1":268
                },
                "2":{
                    "0":0,
                    "1":1
                },
                "3":{
                    "0":0,
                    "1":19
                },
                "4":{
                    "0":241,
                    "1":80
                },
                "5":{
                    "0":1208,
                    "1":147
                },
                "6":{
                    "0":2909,
                    "1":208
                },
                "7":{
                    "0":4795,
                    "1":243
                },
                "8":{
                    "0":6371,
                    "1":264
                },
                "9":{
                    "0":8060,
                    "1":272
                }
            },
            "num_features":37,
            "num_goals":18,
            "plan":null,
            "search_time":1.70953,
            "solved":false,
            "valid":false,
            "wall_time":1.8200000000000003
        },
        "./nfs-planner.bin --max_novelty 1  --use_goal 0":{
            "eval_per_second":109315.664062,
            "exit_code":0,
            "expanded":3804,
            "generated":135807,
            "max_num_goals_sat":16,
            "novelty_histogram":{
                "0":{
                    "0":0,
                    "1":0
                },
                "1":{
                    "0":0,
                    "1":0
                },
                "10":{
                    "0":9816,
                    "1":282
                },
                "11":{
                    "0":11120,
                    "1":293
                },
                "12":{
                    "0":11932,
                    "1":286
                },
                "13":{
                    "0":13310,
                    "1":295
                },
                "14":{
                    "0":14399,
                    "1":289
                },
                "15":{
                    "0":13520,
                    "1":284
                },
                "16":{
                    "0":11882,
                    "1":284
                },
                "17":{
                    "0":10001,
                    "1":289
                },
                "18":{
                    "0":9101,
                    "1":268
                },
                "2":{
                    "0":0,
                    "1":1
                },
                "3":{
                    "0":0,
                    "1":19
                },
                "4":{
                    "0":241,
                    "1":80
                },
                "5":{
                    "0":1208,
                    "1":147
                },
                "6":{
                    "0":2909,
                    "1":208
                },
                "7":{
                    "0":4795,
                    "1":243
                },
                "8":{
                    "0":6371,
                    "1":264
                },
                "9":{
                    "0":8060,
                    "1":272
                }
            },
            "num_features":36,
            "num_goals":18,
            "plan":null,
            "search_time":1.24234,
            "solved":false,
            "valid":false,
            "wall_time":1.3499999999999979
        },
        "./nfs-planner.bin --max_novelty 1  --use_state_vars 0 --use_goal 0 --use_actions 1":{
            "exit_code":38912,
            "wall_time":1795.12
        },
        "./nfs-planner.bin --max_novelty 2 ":{
            "eval_per_second":9589.060547,
            "exit_code":0,
            "expanded":425026,
            "generated":11412616,
            "max_num_goals_sat":18,
            "novelty_histogram":{
                "0":{
                    "0":0,
                    "1":1,
                    "2":0
                },
                "1":{
                    "0":0,
                    "1":10,
                    "2":0
                },
                "10":{
                    "0":828053,
                    "1":296,
                    "2":32192
                },
                "11":{
                    "0":926197,
                    "1":297,
                    "2":31740
                },
                "12":{
                    "0":998209,
                    "1":286,
                    "2":31218
                },
                "13":{
                    "0":1004834,
                    "1":284,
                    "2":30183
                },
                "14":{
                    "0":984514,
                    "1":280,
                    "2":29376
                },
                "15":{
                    "0":963188,
                    "1":287,
                    "2":29227
                },
                "16":{
                    "0":968596,
                    "1":287,
                    "2":29154
                },
                "17":{
                    "0":970638,
                    "1":296,
                    "2":29376
                },
                "18":{
                    "0":852561,
                    "1":283,
                    "2":27041
                },
                "2":{
                    "0":0,
                    "1":59,
                    "2":52
                },
                "3":{
                    "0":593,
                    "1":258,
                    "2":805
                },
                "4":{
                    "0":8818,
                    "1":302,
                    "2":5591
                },
                "5":{
                    "0":63609,
                    "1":298,
                    "2":16981
                },
                "6":{
                    "0":207374,
                    "1":297,
                    "2":28272
                },
                "7":{
                    "0":394150,
                    "1":293,
                    "2":33007
                },
                "8":{
                    "0":556530,
                    "1":297,
                    "2":33388
                },
                "9":{
                    "0":696825,
                    "1":293,
                    "2":32809
                }
            },
            "num_features":37,
            "num_goals":18,