{
    "domain":"fn-blocksworld",
    "instance":"instance_16_3",
    "planners_data":{
        "./nfs-planner.bin --max_novelty 1 ":{
            "eval_per_second":115961.867188,
            "exit_code":0,
            "expanded":3142,
            "generated":124473,
            "max_num_goals_sat":15,
            "novelty_histogram":{
                "0":{
                    "0":0,
                    "1":0
                },
                "1":{
                    "0":0,
                    "1":2
                },
                "10":{
                    "0":9899,
                    "1":237
                },
                "11":{
                    "0":9438,
                    "1":236
                },
                "12":{
                    "0":9573,
                    "1":237
                },
                "13":{
                    "0":10015,
                    "1":237
                },
                "14":{
                    "0":9856,
                    "1":237
                },
                "15":{
                    "0":8967,
                    "1":233
                },
                "16":{
                    "0":7919,
                    "1":208
                },
                "2":{
                    "0":55,
                    "1":53
                },
                "3":{
                    "0":1685,
                    "1":156
                },
                "4":{
                    "0":5259,
                    "1":193
                },
                "5":{
                    "0":7015,
                    "1":209
                },
                "6":{
                    "0":8301,
                    "1":217
                },
                "7":{
                    "0":9415,
                    "1":224
                },
                "8":{
                    "0":9809,
                    "1":229
                },
                "9":{
                    "0":10078,
                    "1":234
                }
            },
            "num_features":33,
            "num_goals":16,
            "plan":null,
            "search_time":1.0734,
            "solved":false,
            "valid":false,
            "wall_time":1.139999999999997
        },
        "./nfs-planner.bin --max_novelty 1  --use_goal 0":{
            "eval_per_second":146264.6875,
            "exit_code":0,
            "expanded":3142,
            "generated":124473,
            "max_num_goals_sat":15,
            "novelty_histogram":{
                "0":{
                    "0":0,
                    "1":0
                },
                "1":{
                    "0":0,
                    "1":2
                },
                "10":{
                    "0":9899,
                    "1":237
                },
                "11":{
                    "0":9438,
                    "1":236
                },
                "12":{
                    "0":9573,
                    "1":237
                },
                "13":{
                    "0":10015,
                    "1":237
                },
                "14":{
                    "0":9856,
                    "1":237
                },
                "15":{
                    "0":8967,
                    "1":233
                },
                "16":{
                    "0":7919,
                    "1":208
                },
                "2":{
                    "0":55,
                    "1":53
                },
                "3":{
                    "0":1685,
                    "1":156
                },
                "4":{
                    "0":5259,
                    "1":193
                },
                "5":{
                    "0":7015,
                    "1":209
                },
                "6":{
                    "0":8301,
                    "1":217
                },
                "7":{
                    "0":9415,
                    "1":224
                },
                "8":{
                    "0":9809,
                    "1":229
                },
                "9":{
                    "0":10078,
                    "1":234
                }
            },
            "num_features":32,
            "num_goals":16,
            "plan":null,
            "search_time":0.851012,
            "solved":false,
            "valid":false,
            "wall_time":0.9400000000000013
        },
        "./nfs-planner.bin --max_novelty 1  --use_state_vars 0 --use_goal 0 --use_actions 1":{
            "eval_per_second":1209.260742,
            "exit_code":0,
            "expanded":26548,
            "generated":1276374,
            "max_num_goals_sat":16,
            "novelty_histogram":{
                "0":{
                    "0":0,
                    "1":1
                },
                "1":{
                    "0":0,
                    "1":34
                },
                "10":{
                    "0":108722,
                    "1":1822
                },
                "11":{
                    "0":119751,
                    "1":1879
                },
                "12":{
                    "0":122936,
                    "1":1888
                },
                "13":{
                    "0":114561,
                    "1":1968
                },
                "14":{
                    "0":100961,
                    "1":2102
                },
                "15":{
                    "0":82366,
                    "1":2283
                },
                "16":{
                    "0":62000,
                    "1":2152
                },
                "2":{
                    "0":698,
                    "1":392
                },
                "3":{
                    "0":12633,
                    "1":1344
                },
                "4":{
                    "0":47539,
                    "1":1919
                },
                "5":{
                    "0":74313,
                    "1":1859
                },
                "6":{
                    "0":80809,
                    "1":1762
                },
                "7":{
                    "0":83120,
                    "1":1731
                },
                "8":{
                    "0":89646,
                    "1":1811
                },
                "9":{
                    "0":97794,
                    "1":1860
                }
            },
            "num_features":3840,
            "num_goals":16,
            "plan":[
                "move-to-table(b4, b11)",
                "move-to-block(b10, table, b4)",
                "move-to-table(b13, b7)",
                "move-to-table(b11, b8)",
                "move-to-block(b16, table, b13)",
                "move-to-table(b7, b9)",
                "move-to-table(b9, b15)",
                "move-to-block(b8, b12, b9)",
                "move-to-block(b12, b1, b11)",
                "move-to-table(b1, b6)",
                "move-to-block(b15, b3, b8)",
                "move-to-block(b3, table, b10)",
                "move-to-block(b7, table, b3)",
                "move-to-block(b6, b5, b15)",
                "move-to-block(b5, b14, b7)",
                "move-to-table(b14, b2)",
                "move-to-block(b6, b15, b5)",
                "move-to-block(b2, table, b6)",
                "move-to-block(b15, b8, b14)",
                "move-to-block(b8, b9, b16)",
                "move-to-block(b9, table, b2)",
                "move-to-block(b8, b16, b9)"
            ],
            "search_time":1055.5,
            "solved":true,
            "valid":true,
            "wall_time":1055.6100000000001
        },
        "./nfs-planner.bin --max_novelty 2 ":{
            "eval_per_second":13727.597656,
            "exit_code":0,
            "expanded":244830,
            "generated":9787848,
            "max_num_goals_sat":16,