{
    "domain":"fn-blocksworld",
    "instance":"instance_12_2",
    "planners_data":{
        "./nfs-planner.bin --max_novelty 1 ":{
            "eval_per_second":161253.78125,
            "exit_code":0,
            "expanded":1248,
            "generated":29895,
            "max_num_goals_sat":11,
            "novelty_histogram":{
                "0":{
                    "0":0,
                    "1":0
                },
                "1":{
                    "0":0,
                    "1":3
                },
                "10":{
                    "0":3717,
                    "1":125
                },
                "11":{
                    "0":3750,
                    "1":125
                },
                "12":{
                    "0":1520,
                    "1":87
                },
                "2":{
                    "0":60,
                    "1":50
                },
                "3":{
                    "0":930,
                    "1":99
                },
                "4":{
                    "0":1783,
                    "1":116
                },
                "5":{
                    "0":2271,
                    "1":122
                },
                "6":{
                    "0":2660,
                    "1":131
                },
                "7":{
                    "0":3140,
                    "1":128
                },
                "8":{
                    "0":3725,
                    "1":130
                },
                "9":{
                    "0":3944,
                    "1":132
                }
            },
            "num_features":25,
            "num_goals":12,
            "plan":null,
            "search_time":0.185391,
            "solved":false,
            "valid":false,
            "wall_time":0.21999999999999886
        },
        "./nfs-planner.bin --max_novelty 1  --use_goal 0":{
            "eval_per_second":251533.4375,
            "exit_code":0,
            "expanded":1248,
            "generated":29895,
            "max_num_goals_sat":11,
            "novelty_histogram":{
                "0":{
                    "0":0,
                    "1":0
                },
                "1":{
                    "0":0,
                    "1":3
                },
                "10":{
                    "0":3717,
                    "1":125
                },
                "11":{
                    "0":3750,
                    "1":125
                },
                "12":{
                    "0":1520,
                    "1":87
                },
                "2":{
                    "0":60,
                    "1":50
                },
                "3":{
                    "0":930,
                    "1":99
                },
                "4":{
                    "0":1783,
                    "1":116
                },
                "5":{
                    "0":2271,
                    "1":122
                },
                "6":{
                    "0":2660,
                    "1":131
                },
                "7":{
                    "0":3140,
                    "1":128
                },
                "8":{
                    "0":3725,
                    "1":130
                },
                "9":{
                    "0":3944,
                    "1":132
                }
            },
            "num_features":24,
            "num_goals":12,
            "plan":null,
            "search_time":0.118851,
            "solved":false,
            "valid":false,
            "wall_time":0.14000000000000057
        },
        "./nfs-planner.bin --max_novelty 1  --use_state_vars 0 --use_goal 0 --use_actions 1":{
            "eval_per_second":3962.302979,
            "exit_code":0,
            "expanded":7132,
            "generated":191925,
            "max_num_goals_sat":12,
            "novelty_histogram":{
                "0":{
                    "0":0,
                    "1":1
                },
                "1":{
                    "0":0,
                    "1":15
                },
                "10":{
                    "0":22144,
                    "1":735
                },
                "11":{
                    "0":21138,
                    "1":717
                },
                "12":{
                    "0":7386,
                    "1":626
                },
                "2":{
                    "0":79,
                    "1":145
                },
                "3":{
                    "0":2181,
                    "1":493
                },
                "4":{
                    "0":9558,
                    "1":836
                },
                "5":{
                    "0":17263,
                    "1":871
                },
                "6":{
                    "0":20072,
                    "1":870
                },
                "7":{
                    "0":22192,
                    "1":824
                },
                "8":{
                    "0":25064,
                    "1":747
                },
                "9":{
                    "0":25419,
                    "1":762
                }
            },
            "num_features":1584,
            "num_goals":12,
            "plan":[
                "move-to-table(b4, b10)",
                "move-to-table(b10, b7)",
                "move-to-table(b7, b8)",
                "move-to-table(b8, b6)",
                "move-to-table(b6, b12)",
                "move-to-block(b12, b9, b4)",
                "move-to-block(b3, b11, b12)",
                "move-to-block(b7, table, b3)",
                "move-to-block(b8, table, b7)",
                "move-to-block(b9, b2, b8)",
                "move-to-block(b2, b5, b9)",
                "move-to-block(b10, table, b11)",
                "move-to-block(b6, table, b2)"
            ],
            "search_time":48.4377,
            "solved":true,
            "valid":true,
            "wall_time":48.470000000001164
        },
        "./nfs-planner.bin --max_novelty 2 ":{
            "eval_per_second":26331.953125,
            "exit_code":0,
            "expanded":27807,
            "generated":618617,
            "max_num_goals_sat":12,
            "novelty_histogram":{
                "0":{
                    "0":0,
                    "1":1,
                    "2":0
                },
                "1":{
                    "0":0,
                    "1":8,
                    "2":0
                },
                "10":{
                    "0":82811,
                    "1":126,
                    "2":5220
                },
                "11":{
                    "0":33071,
                    "1":123,
                    "2":4095
                },
                "12":{
                    "0":110,
                    "1":101,
                    "2":1192
                },
                "2":{
                    "0":0,
                    "1":63,
                    "2":97
                },
                "3":{
                    "0":418,
                    "1":116,
                    "2":984
                },
                "4":{
                    "0":8489,
                    "1":125,
                    "2":2749
                },
                "5":{
                    "0":30420,
                    "1":127,
                    "2":4277
                },
                "6":{
                    "0":62049,
                    "1":132,
                    "2":5167
                },
                "7":{
                    "0":88094,
                    "1":129,
                    "2":5420
                },
                "8":{
                    "0":101133,
                    "1":130,
                    "2":5465
                },
                "9":{
                    "0":109661,
                    "1":129,
                    "2":5623
                }
            },