{
    "domain":"fn-blocksworld",
    "instance":"instance_19_1",
    "planners_data":{
        "./nfs-planner.bin --max_novelty 1 ":{
            "eval_per_second":44278.601562,
            "exit_code":0,
            "expanded":4999,
            "generated":222966,
            "max_num_goals_sat":18,
            "novelty_histogram":{
                "0":{
                    "0":0,
                    "1":0
                },
                "1":{
                    "0":0,
                    "1":1
                },
                "10":{
                    "0":14376,
                    "1":318
                },
                "11":{
                    "0":15397,
                    "1":325
                },
                "12":{
                    "0":15185,
                    "1":324
                },
                "13":{
                    "0":16441,
                    "1":323
                },
                "14":{
                    "0":16909,
                    "1":320
                },
                "15":{
                    "0":18084,
                    "1":328
                },
                "16":{
                    "0":20381,
                    "1":329
                },
                "17":{
                    "0":22050,
                    "1":327
                },
                "18":{
                    "0":17465,
                    "1":328
                },
                "19":{
                    "0":11561,
                    "1":302
                },
                "2":{
                    "0":0,
                    "1":19
                },
                "3":{
                    "0":271,
                    "1":94
                },
                "4":{
                    "0":1606,
                    "1":188
                },
                "5":{
                    "0":3737,
                    "1":238
                },
                "6":{
                    "0":5508,
                    "1":293
                },
                "7":{
                    "0":8319,
                    "1":306
                },
                "8":{
                    "0":11277,
                    "1":316
                },
                "9":{
                    "0":13717,
                    "1":320
                }
            },
            "num_features":39,
            "num_goals":19,
            "plan":null,
            "search_time":5.03552,
            "solved":false,
            "valid":false,
            "wall_time":5.19
        },
        "./nfs-planner.bin --max_novelty 1  --use_goal 0":{
            "eval_per_second":58478.132812,
            "exit_code":0,
            "expanded":4999,
            "generated":222966,
            "max_num_goals_sat":18,
            "novelty_histogram":{
                "0":{
                    "0":0,
                    "1":0
                },
                "1":{
                    "0":0,
                    "1":1
                },
                "10":{
                    "0":14376,
                    "1":318
                },
                "11":{
                    "0":15397,
                    "1":325
                },
                "12":{
                    "0":15185,
                    "1":324
                },
                "13":{
                    "0":16441,
                    "1":323
                },
                "14":{
                    "0":16909,
                    "1":320
                },
                "15":{
                    "0":18084,
                    "1":328
                },
                "16":{
                    "0":20381,
                    "1":329
                },
                "17":{
                    "0":22050,
                    "1":327
                },
                "18":{
                    "0":17465,
                    "1":328
                },
                "19":{
                    "0":11561,
                    "1":302
                },
                "2":{
                    "0":0,
                    "1":19
                },
                "3":{
                    "0":271,
                    "1":94
                },
                "4":{
                    "0":1606,
                    "1":188
                },
                "5":{
                    "0":3737,
                    "1":238
                },
                "6":{
                    "0":5508,
                    "1":293
                },
                "7":{
                    "0":8319,
                    "1":306
                },
                "8":{
                    "0":11277,
                    "1":316
                },
                "9":{
                    "0":13717,
                    "1":320
                }
            },
            "num_features":38,
            "num_goals":19,
            "plan":null,
            "search_time":3.81281,
            "solved":false,
            "valid":false,
            "wall_time":3.94
        },
        "./nfs-planner.bin --max_novelty 1  --use_state_vars 0 --use_goal 0 --use_actions 1":{
            "exit_code":38912,
            "wall_time":1794.96
        },
        "./nfs-planner.bin --max_novelty 2 ":{
            "exit_code":38912,
            "wall_time":1795.06
        },
        "./nfs-planner.bin --max_novelty 2  --use_goal 0":{
            "exit_code":38912,
            "wall_time":1795.04
        },
        "./nfs-planner.bin --max_novelty 2  --use_state_vars 0 --use_goal 0 --use_actions 1":{
            "exit_code":34304,
            "wall_time":89.32000000000001
        },
        "./nfs-planner.bin --max_novelty 3 ":{
            "exit_code":38912,
            "wall_time":1795.1699999999998
        },
        "./nfs-planner.bin --max_novelty 3  --use_goal 0":{
            "exit_code":38912,
            "wall_time":1795.12
        },
        "./nfs-planner.bin --max_novelty 3  --use_state_vars 0 --use_goal 0 --use_actions 1":{
            "exit_code":34304,
            "wall_time":33.0
        },
        "./nfs-planner.bin --max_novelty 4 ":{
            "exit_code":34304,
            "wall_time":774.6400000000001
        },
        "./nfs-planner.bin --max_novelty 4  --use_goal 0":{
            "exit_code":34304,
            "wall_time":689.9599999999999
        },
        "./nfs-planner.bin --max_novelty 4  --use_state_vars 0 --use_goal 0 --use_actions 1":{
            "exit_code":34304,
            "wall_time":31.64999999999999
        }
    }
}