{
    "domain":"fn-blocksworld",
    "instance":"instance_15_3",
    "planners_data":{
        "./nfs-planner.bin --max_novelty 1 ":{
            "eval_per_second":190281.703125,
            "exit_code":0,
            "expanded":2398,
            "generated":89867,
            "max_num_goals_sat":13,
            "novelty_histogram":{
                "0":{
                    "0":0,
                    "1":0
                },
                "1":{
                    "0":0,
                    "1":0
                },
                "10":{
                    "0":9350,
                    "1":207
                },
                "11":{
                    "0":9269,
                    "1":208
                },
                "12":{
                    "0":9107,
                    "1":208
                },
                "13":{
                    "0":8593,
                    "1":205
                },
                "14":{
                    "0":6593,
                    "1":199
                },
                "15":{
                    "0":2857,
                    "1":153
                },
                "2":{
                    "0":0,
                    "1":6
                },
                "3":{
                    "0":202,
                    "1":77
                },
                "4":{
                    "0":2602,
                    "1":159
                },
                "5":{
                    "0":5080,
                    "1":186
                },
                "6":{
                    "0":6532,
                    "1":189
                },
                "7":{
                    "0":7200,
                    "1":196
                },
                "8":{
                    "0":8087,
                    "1":202
                },
                "9":{
                    "0":8914,
                    "1":203
                }
            },
            "num_features":31,
            "num_goals":15,
            "plan":null,
            "search_time":0.472284,
            "solved":false,
            "valid":false,
            "wall_time":0.5299999999999976
        },
        "./nfs-planner.bin --max_novelty 1  --use_goal 0":{
            "eval_per_second":201168.5,
            "exit_code":0,
            "expanded":2398,
            "generated":89867,
            "max_num_goals_sat":13,
            "novelty_histogram":{
                "0":{
                    "0":0,
                    "1":0
                },
                "1":{
                    "0":0,
                    "1":0
                },
                "10":{
                    "0":9350,
                    "1":207
                },
                "11":{
                    "0":9269,
                    "1":208
                },
                "12":{
                    "0":9107,
                    "1":208
                },
                "13":{
                    "0":8593,
                    "1":205
                },
                "14":{
                    "0":6593,
                    "1":199
                },
                "15":{
                    "0":2857,
                    "1":153
                },
                "2":{
                    "0":0,
                    "1":6
                },
                "3":{
                    "0":202,
                    "1":77
                },
                "4":{
                    "0":2602,
                    "1":159
                },
                "5":{
                    "0":5080,
                    "1":186
                },
                "6":{
                    "0":6532,
                    "1":189
                },
                "7":{
                    "0":7200,
                    "1":196
                },
                "8":{
                    "0":8087,
                    "1":202
                },
                "9":{
                    "0":8914,
                    "1":203
                }
            },
            "num_features":30,
            "num_goals":15,
            "plan":null,
            "search_time":0.446725,
            "solved":false,
            "valid":false,
            "wall_time":0.4999999999999929
        },
        "./nfs-planner.bin --max_novelty 1  --use_state_vars 0 --use_goal 0 --use_actions 1":{
            "eval_per_second":1768.314941,
            "exit_code":0,
            "expanded":19893,
            "generated":770003,
            "max_num_goals_sat":15,
            "novelty_histogram":{
                "0":{
                    "0":0,
                    "1":1
                },
                "1":{
                    "0":0,
                    "1":16
                },
                "10":{
                    "0":72411,
                    "1":1481
                },
                "11":{
                    "0":75893,
                    "1":1537
                },
                "12":{
                    "0":77913,
                    "1":1624
                },
                "13":{
                    "0":79742,
                    "1":1717
                },
                "14":{
                    "0":65536,
                    "1":1858
                },
                "15":{
                    "0":34246,
                    "1":1865
                },
                "2":{
                    "0":176,
                    "1":223
                },
                "3":{
                    "0":4891,
                    "1":886
                },
                "4":{
                    "0":22176,
                    "1":1534
                },
                "5":{
                    "0":42656,
                    "1":1668
                },
                "6":{
                    "0":51560,
                    "1":1522
                },
                "7":{
                    "0":56420,
                    "1":1380
                },
                "8":{
                    "0":61522,
                    "1":1368
                },
                "9":{
                    "0":68111,
                    "1":1445
                }
            },
            "num_features":3150,
            "num_goals":15,
            "plan":[
                "move-to-table(b5, b14)",
                "move-to-table(b14, b15)",
                "move-to-block(b7, b6, b1)",
                "move-to-block(b2, b4, b14)",
                "move-to-block(b6, b11, b15)",
                "move-to-block(b12, b9, b6)",
                "move-to-block(b11, table, b5)",
                "move-to-block(b4, table, b11)",
                "move-to-block(b9, b10, b2)",
                "move-to-block(b8, table, b4)",
                "move-to-block(b10, b13, b8)",
                "move-to-block(b12, b6, b9)",
                "move-to-block(b6, b15, b10)",
                "move-to-block(b12, b9, b6)",
                "move-to-block(b13, b3, b7)",
                "move-to-block(b3, table, b12)",
                "move-to-block(b9, b2, b3)",
                "move-to-block(b13, b7, b9)"
            ],
            "search_time":435.444,
            "solved":true,
            "valid":true,
            "wall_time":435.53999999999996
        },
        "./nfs-planner.bin --max_novelty 2 ":{
            "eval_per_second":16042.033203,
            "exit_code":0,
            "expanded":186657,
            "generated":6592641,
            "max_num_goals_sat":15,
            "novelty_histogram":{
                "0":{
                    "0":0,
                    "1":1,
                    "2":0
                },
                "1":{
                    "0":0,
                    "1":15,
                    "2":0
                },
                "10":{
                    "0":703779,
                    "1":206,
                    "2":17112
                },
                "11":{
                    "0":721052,
                    "1":206,
                    "2":17004
                },